<?xml version="1.0" encoding="UTF-8"?>
<project version="4">
  <component name="ChangeListManager">
    <list default="true" id="1f10f8ad-dca2-4157-ac98-647251ac454c" name="Default Changelist" comment="" />
    <option name="SHOW_DIALOG" value="false" />
    <option name="HIGHLIGHT_CONFLICTS" value="true" />
    <option name="HIGHLIGHT_NON_ACTIVE_CHANGELIST" value="false" />
    <option name="LAST_RESOLUTION" value="IGNORE" />
  </component>
  <component name="ProjectId" id="1whqjrVTdJjwmp2DR4M7C99oLG8" />
  <component name="ProjectViewState">
    <option name="hideEmptyMiddlePackages" value="true" />
    <option name="showExcludedFiles" value="true" />
    <option name="showLibraryContents" value="true" />
  </component>
  <component name="PropertiesComponent">
    <property name="RunOnceActivity.ShowReadmeOnStart" value="true" />
    <property name="last_opened_file_path" value="$PROJECT_DIR$" />
    <property name="settings.editor.selected.configurable" value="com.jetbrains.python.configuration.PyActiveSdkModuleConfigurable" />
  </component>
  <component name="RunManager">
    <configuration name="server" type="PythonConfigurationType" factoryName="Python" temporary="true" nameIsGenerated="true">
      <module name="CelebrityFaceRecognition" />
      <option name="INTERPRETER_OPTIONS" value="" />
      <option name="PARENT_ENVS" value="true" />
      <envs>
        <env name="PYTHONUNBUFFERED" value="1" />
      </envs>
      <option name="SDK_HOME" value="" />
      <option name="WORKING_DIRECTORY" value="$PROJECT_DIR$/server" />
      <option name="IS_MODULE_SDK" value="true" />
      <option name="ADD_CONTENT_ROOTS" value="true" />
      <option name="ADD_SOURCE_ROOTS" value="true" />
      <option name="SCRIPT_NAME" value="$PROJECT_DIR$/server/server.py" />
      <option name="PARAMETERS" value="" />
      <option name="SHOW_COMMAND_LINE" value="false" />
      <option name="EMULATE_TERMINAL" value="false" />
      <option name="MODULE_MODE" value="false" />
      <option name="REDIRECT_INPUT" value="false" />
      <option name="INPUT_FILE" value="" />
      <method v="2" />
    </configuration>
    <recent_temporary>
      <list>
        <item itemvalue="Python.server" />
      </list>
    </recent_temporary>
  </component>
  <component name="ServiceViewManager">
    <option name="viewStates">
      <list>
        <serviceView>
          <treeState>
            <expand />
            <select />
          </treeState>
        </serviceView>
      </list>
    </option>
  </component>
  <component name="SvnConfiguration">
    <configuration />
  </component>
  <component name="TaskManager">
    <task active="true" id="Default" summary="Default task">
      <changelist id="1f10f8ad-dca2-4157-ac98-647251ac454c" name="Default Changelist" comment="" />
      <created>1628921305855</created>
      <option name="number" value="Default" />
      <option name="presentableId" value="Default" />
      <updated>1628921305855</updated>
    </task>
    <servers />
  </component>
  <component name="WindowStateProjectService">
    <state x="413" y="61" key="FileChooserDialogImpl" timestamp="1628923114834">
      <screen x="0" y="0" width="1366" height="728" />
    </state>
    <state x="413" y="61" key="FileChooserDialogImpl/0.0.1366.728@0.0.1366.728" timestamp="1628923114834" />
    <state x="68" y="0" key="SettingsEditor" timestamp="1628921416474">
      <screen x="0" y="0" width="1366" height="728" />
    </state>
    <state x="68" y="0" key="SettingsEditor/0.0.1366.728@0.0.1366.728" timestamp="1628921416474" />
  </component>
</project>